{"sparsity": 0.0, "_timestamp": 1669385320.5257254, "_runtime": 10148.718387365341, "_step": 283, "v_top1": 10.0, "_wandb": {"runtime": 10148}}