{"sparsity": 0.23621588945388794, "_timestamp": 1669368066.2105315, "_runtime": 85.39829635620117, "_step": 1, "v_top1": 67.31, "_wandb": {"runtime": 117}}