{"sparsity": 0.0966532900929451, "_timestamp": 1669365731.9001842, "_runtime": 506.03663206100464, "_step": 11, "v_top1": 71.9, "_wandb": {"runtime": 509}}