{"sparsity": 0.37114235758781433, "_timestamp": 1669367941.5162375, "_runtime": 1866.6287355422974, "_step": 57, "v_top1": 90.2, "_wandb": {"runtime": 1868}}