{"sparsity": 0.3265874683856964, "_timestamp": 1669365074.0546837, "_runtime": 1786.3194727897644, "_step": 35, "v_top1": 85.81, "_wandb": {"runtime": 1835}}