{"sparsity": 0.6431781053543091, "_timestamp": 1669371127.2974577, "_runtime": 2485.4584736824036, "_step": 63, "v_top1": 64.71, "_wandb": {"runtime": 2507}}