{"sparsity": 0.39880698919296265, "_timestamp": 1669365113.0260503, "_runtime": 2241.5889682769775, "_step": 53, "v_top1": 88.75, "_wandb": {"runtime": 2253}}