{"sparsity": 0.15342392027378082, "_timestamp": 1669368076.5903625, "_runtime": 86.50483655929565, "_step": 1, "v_top1": 10.0, "_wandb": {"runtime": 109}}