{"sparsity": 0.7456740736961365, "_timestamp": 1669365098.839921, "_runtime": 3503.972904920578, "_step": 73, "v_top1": 88.31, "_wandb": {"runtime": 3531}}