{"sparsity": 0.0, "_timestamp": 1669382067.109471, "_runtime": 10887.336740970612, "_step": 283, "v_top1": 92.07, "_wandb": {"runtime": 10886}}