{"sparsity": 0.39401963353157043, "_timestamp": 1669372358.989356, "_runtime": 255.11996603012085, "_step": 5, "v_top1": 17.8, "_wandb": {"runtime": 262}}