{"sparsity": 0.12337817996740341, "_timestamp": 1669365573.2322097, "_runtime": 317.85205078125, "_step": 5, "v_top1": 79.99, "_wandb": {"runtime": 327}}