{"sparsity": 0.4502575695514679, "_timestamp": 1669372459.851566, "_runtime": 1364.9036860466003, "_step": 41, "v_top1": 86.47, "_wandb": {"runtime": 1391}}