{"sparsity": 0.6327618956565857, "_timestamp": 1669374695.1551945, "_runtime": 2193.2155294418335, "_step": 55, "v_top1": 10.0, "_wandb": {"runtime": 2226}}