{"sparsity": 0.6272294521331787, "_timestamp": 1669365109.6866522, "_runtime": 4945.85928606987, "_step": 137, "v_top1": 90.15, "_wandb": {"runtime": 4960}}