{"sparsity": 0.14813083410263062, "_timestamp": 1669372647.9241333, "_runtime": 253.02080726623535, "_step": 5, "v_top1": 10.0, "_wandb": {"runtime": 304}}