{"sparsity": 0.06923170387744904, "_timestamp": 1669367848.315556, "_runtime": 1209.3344089984894, "_step": 29, "v_top1": 10.0, "_wandb": {"runtime": 1274}}