{"sparsity": 0.0, "_timestamp": 1669385129.211409, "_runtime": 10045.127997159958, "_step": 283, "v_top1": 10.0, "_wandb": {"runtime": 10044}}