{"sparsity": 0.43599194288253784, "_timestamp": 1669367914.3318043, "_runtime": 2306.1902842521667, "_step": 57, "v_top1": 80.98, "_wandb": {"runtime": 2338}}