{"sparsity": 0.4030648469924927, "_timestamp": 1669365051.618596, "_runtime": 3994.154664039612, "_step": 83, "v_top1": 88.84, "_wandb": {"runtime": 4067}}