{"sparsity": 0.16433992981910706, "_timestamp": 1669366581.994406, "_runtime": 644.1678929328918, "_step": 15, "v_top1": 87.7, "_wandb": {"runtime": 673}}