{"sparsity": 0.23571699857711792, "_timestamp": 1669365851.4152343, "_runtime": 72.30076932907104, "_step": 1, "v_top1": 10.0, "_wandb": {"runtime": 86}}