{"sparsity": 0.0, "_timestamp": 1669383395.6036959, "_runtime": 10669.404611825943, "_step": 283, "v_top1": 91.41, "_wandb": {"runtime": 10668}}