{"sparsity": 0.0, "_timestamp": 1669444738.438241, "_runtime": 8014.343876123428, "_step": 283, "v_top1": 10.0, "_wandb": {"runtime": 8013}}