{"sparsity": 0.0, "_timestamp": 1669353436.1809268, "_runtime": 4226.7424058914185, "_step": 141, "v_top1": 89.15, "_wandb": {"runtime": 4226}}