{"sparsity": 0.25945818424224854, "_timestamp": 1669365717.5402565, "_runtime": 480.6646785736084, "_step": 9, "v_top1": 80.76, "_wandb": {"runtime": 499}}