{"sparsity": 0.15517228841781616, "_timestamp": 1669371060.3649573, "_runtime": 3060.0665154457092, "_step": 99, "v_top1": 10.0, "_wandb": {"runtime": 3076}}