{"sparsity": 0.3053447902202606, "_timestamp": 1669365841.6498578, "_runtime": 87.5408136844635, "_step": 1, "v_top1": 75.21, "_wandb": {"runtime": 164}}