{"sparsity": 0.0, "_timestamp": 1669362862.4460385, "_runtime": 9344.69536948204, "_step": 283, "v_top1": 90.27, "_wandb": {"runtime": 9344}}