{"sparsity": 0.3135480284690857, "_timestamp": 1669366002.6614118, "_runtime": 134.83151078224182, "_step": 3, "v_top1": 78.76, "_wandb": {"runtime": 194}}