{"sparsity": 0.28527531027793884, "_timestamp": 1669374791.6154323, "_runtime": 6191.325240373611, "_step": 155, "v_top1": 10.0, "_wandb": {"runtime": 6196}}