{"sparsity": 0.09560298919677734, "_timestamp": 1669365683.555126, "_runtime": 475.7102220058441, "_step": 9, "v_top1": 80.39, "_wandb": {"runtime": 530}}