{"sparsity": 0.08907458186149597, "_timestamp": 1669365725.3701875, "_runtime": 508.3185315132141, "_step": 11, "v_top1": 80.17, "_wandb": {"runtime": 520}}